SEGMENT_CODE,NB_CONTRACTS,TOTAL_EAD,TOTAL_RWA,TOTAL_CAPITAL_REQUIREMENT,AVG_PD,AVG_LGD,RWA_DENSITY
CORPORATE,928,601854702.94,601854702.94,48148376.15,0.01474,0.183,1.0
DEFAULTED,164,8965048.77,13447573.18,1075805.85,1.0,0.1619,1.5
RETAIL,1864,19556207.72,14667155.93,1173372.45,0.017505,0.1845,0.75
SME_CORP,40,3093657.73,2629609.04,210368.71,0.011598,0.1917,0.85
SME_RETAIL,1824,122269027.93,91701770.84,7336141.78,0.016744,0.183,0.75
